{
  "json": {
    "translate": "%s",
    "with": [
      {
        "text": "AshuNotFound"
      }
    ]
  },
  "translate": "%s",
  "with": [
    {
      "json": {
        "text": "AshuNotFound"
      },
      "text": "AshuNotFound"
    }
  ],
  "unsigned": {
    "json": {
      "translate": "%s",
      "with": [
        {
          "extra": [
            "babylegs",
            "> ",
            "AshuNotFound"
          ],
          "text": "<"
        }
      ]
    },
    "translate": "%s",
    "with": [
      {
        "json": {
          "extra": [
            "babylegs",
            "> ",
            "AshuNotFound"
          ],
          "text": "<"
        },
        "text": "<",
        "extra": [
          {
            "json": {
              "text": "babylegs"
            },
            "text": "babylegs",
            "extra": []
          },
          {
            "json": {
              "text": "> "
            },
            "text": "> ",
            "extra": []
          },
          {
            "json": {
              "text": "AshuNotFound"
            },
            "text": "AshuNotFound",
            "extra": []
          }
        ]
      }
    ]
  }
}